{
  "title": "Icons",
  "description": "Warp's icon set is designed to help users understand actions and information, and to draw attention to elements.",
  "category": "Actions",
  "placeholder": {
    "label": "Icons component"
  },
  "frameworks": [
    {
      "name": "React",
      "status": "released"
    },
    {
      "name": "Vue",
      "status": "released"
    },
    {
      "name": "Elements",
      "status": "released"
    },
    {
      "name": "Android",
      "status": "released"
    },
    {
      "name": "iOS",
      "status": "released"
    },
    {
      "name": "Figma"
    }
  ]
}